scene,rot_ours,rot_pub,trans_ours,trans_pub,nr_ours,nr_pub,rot_gap,git,seed
0015,3.332,5.0,0.491,0.92,207,142,-1.6680000000000001,cf3ec11,20
0446,0.855,2.02,0.054,0.193,290,283,-1.165,cf3ec11,20
0104,15.813,24.4,1.931,2.174,270,220,-8.586999999999998,cf3ec11,20
0265,11.265,22.14,2.541,2.712,333,270,-10.875,cf3ec11,20
0022,0.37,1.38,0.052,0.184,270,241,-1.0099999999999998,cf3ec11,20
0102,1.784,1.55,0.262,0.403,230,255,0.23399999999999999,cf3ec11,20
0046,3.443,1.68,0.222,0.082,424,97,1.7630000000000001,cf3ec11,20
0012,0.551,5.2,0.067,0.327,284,291,-4.649,cf3ec11,20
0076,0.551,3.86,0.118,0.655,491,454,-3.3089999999999997,cf3ec11,20
5016,0.082,0.09,0.016,0.015,26,28,-0.007999999999999993,cf3ec11,20
0099,4.78,4.17,0.724,0.862,228,104,0.6100000000000003,cf3ec11,20
1589,0.162,0.92,0.043,0.131,265,284,-0.758,cf3ec11,20
0197,6.528,9.62,1.261,0.98,471,281,-3.0919999999999996,cf3ec11,20
0377,8.239,0.54,0.427,0.044,211,162,7.699000000000001,cf3ec11,20
0060,5.775,14.92,0.572,2.167,454,303,-9.145,cf3ec11,20
0327,0.397,1.83,0.037,0.398,282,281,-1.433,cf3ec11,20
0240,4.694,1.69,0.348,0.17,272,274,3.004,cf3ec11,20
0048,2.605,4.03,0.179,0.235,468,469,-1.4250000000000003,cf3ec11,20
0063,0.916,2.15,0.072,0.456,267,262,-1.234,cf3ec11,20
0019,5.637,9.34,0.243,0.329,262,267,-3.7030000000000003,cf3ec11,20
0148,0.92,1.64,0.06,0.133,195,206,-0.7199999999999999,cf3ec11,20
0238,24.525,11.49,2.546,1.088,211,76,13.034999999999998,cf3ec11,20
0496,1.187,3.59,0.078,0.311,289,281,-2.4029999999999996,cf3ec11,20
0411,1.571,15.89,0.187,1.65,256,188,-14.319,cf3ec11,20
0080,0.243,1.34,0.048,0.325,135,137,-1.097,cf3ec11,20
0231,6.495,0.85,0.891,0.08,239,214,5.6450000000000005,cf3ec11,20
1001,8.085,4.4,3.914,1.846,274,241,3.6850000000000005,cf3ec11,20
0147,13.845,4.9,1.051,0.522,220,197,8.945,cf3ec11,20
0223,4.157,11.97,0.534,2.272,205,191,-7.813000000000001,cf3ec11,20
0007,2.002,38.74,0.094,2.284,271,260,-36.738,cf3ec11,20
0083,23.14,4.4,1.694,0.558,515,568,18.740000000000002,cf3ec11,20
0455,0.81,0.68,0.286,0.138,292,293,0.13,cf3ec11,20
0185,1.132,1.76,0.103,0.271,294,261,-0.6280000000000001,cf3ec11,20
0130,0.102,1.46,0.008,0.058,189,192,-1.3579999999999999,cf3ec11,20
0024,10.66,9.08,1.938,1.32,308,271,1.58,cf3ec11,20
0094,5.239,14.91,0.772,1.772,443,93,-9.671,cf3ec11,20
