bin_lo,bin_hi,fraction
0.000000000000000000e+00,5.000000074505805969e-02,2.250487453760227352e-01
5.000000074505805969e-02,1.000000014901161194e-01,6.830730542850374509e-02
1.000000014901161194e-01,1.500000059604644775e-01,5.023507115913770915e-02
1.500000059604644775e-01,2.000000029802322388e-01,4.085044736410518157e-02
2.000000029802322388e-01,2.500000000000000000e-01,3.512856023470670858e-02
2.500000000000000000e-01,3.000000119209289551e-01,3.175966251799478696e-02
3.000000119209289551e-01,3.499999940395355225e-01,2.865043643056289571e-02
3.499999940395355225e-01,4.000000059604644775e-01,2.734980046285329092e-02
4.000000059604644775e-01,4.499999880790710449e-01,2.671201049620059234e-02
4.499999880790710449e-01,5.000000000000000000e-01,2.611522131311842798e-02
5.000000000000000000e-01,5.500000119209289551e-01,2.600588589026368164e-02
5.500000119209289551e-01,6.000000238418579102e-01,2.667328753393953880e-02
6.000000238418579102e-01,6.499999761581420898e-01,2.757074912987226081e-02
6.499999761581420898e-01,6.999999880790710449e-01,2.986907083113143901e-02
6.999999880790710449e-01,7.500000000000000000e-01,3.255006651238223636e-02
7.500000000000000000e-01,8.000000119209289551e-01,3.585518523242888639e-02
8.000000119209289551e-01,8.500000238418579102e-01,3.911474752628605472e-02
8.500000238418579102e-01,8.999999761581420898e-01,4.375011389106547161e-02
8.999999761581420898e-01,9.499999880790710449e-01,5.041501904258614830e-02
9.499999880790710449e-01,1.000000000000000000e+00,1.280386136268381880e-01
