scene,outlier_pct,frozen_rot,proto_rot,ttt_rot,frozen_trans,proto_trans,ttt_trans,frac_first,frac_last,frac_max,confident_frac_min,ttt_minus_proto_rot,git,seed,source,resfm_rot,resfm_trans,ttt_minus_resfm_rot,proto_minus_resfm_rot
5016,0.2,0.444,0.106,3.7,0.102,0.021,0.634,0.404041975736618,0.3563820123672485,0.4658436775207519,0.4000312387943268,3.5940000000000003,9653875,20,ours,1.956,0.407,1.7440000000000002,-1.8499999999999999
0007,11.7,25.887,28.787,32.631,1.861,2.253,2.468,0.8279008269309998,0.4989226758480072,0.8279008269309998,0.4000061154365539,3.844000000000001,9653875,20,ours,0.726,0.035,31.905,28.061
0240,11.9,4.295,1.033,0.86,0.355,0.194,0.047,0.9910874962806702,0.4497071504592895,0.9910874962806702,0.4000014662742615,-0.1729999999999999,9653875,20,ours,3.4,0.277,-2.54,-2.367
0080,12.9,0.858,0.209,0.208,0.111,0.021,0.021,0.9283456206321716,0.4381332397460937,0.9283456206321716,0.4000028669834137,-0.001,9653875,20,ours,0.577,0.096,-0.369,-0.368
0130,14.4,2.014,1.996,5.066,0.137,0.066,0.364,0.8014056086540222,0.4264121055603027,0.8014056086540222,0.4000025987625122,3.07,9653875,20,ours,1.464,0.104,3.602,0.532
0063,14.5,1.992,0.534,0.597,0.209,0.047,0.053,0.0980172529816627,0.4827249348163605,0.5230830907821655,0.3999984264373779,0.0629999999999999,9653875,20,ours,0.304,0.025,0.293,0.23000000000000004
0046,14.6,21.406,2.292,2.494,1.372,0.144,0.15,0.4954971969127655,0.4557327628135681,0.4955047070980072,0.4000020027160644,0.2020000000000004,9653875,20,ours,12.819,0.892,-10.325000000000001,-10.527000000000001
0019,15.4,7.948,7.004,7.014,0.545,0.759,0.521,0.586047887802124,0.3816496729850769,0.586047887802124,0.400001585483551,0.0100000000000006,9653875,20,ours,0.054,0.007,6.96,6.949999999999999
0104,16.2,0.935,0.214,0.17,0.042,0.019,0.017,0.7514563202857971,0.4751041531562805,0.7514563202857971,0.4000015556812286,-0.0439999999999999,9653875,20,ours,0.271,0.017,-0.101,-0.05700000000000002
0012,16.3,14.455,10.915,10.904,0.838,0.744,0.799,0.2030949890613556,0.4463286995887756,0.4882033169269562,0.3999999761581421,-0.0109999999999992,9653875,20,ours,6.91,0.406,3.9939999999999998,4.004999999999999
0223,17.0,10.479,3.141,1.896,1.241,0.325,0.183,0.3925796747207641,0.439472883939743,0.5271058082580566,0.4000033438205719,-1.245,9653875,20,ours,3.308,0.425,-1.412,-0.16699999999999982
1589,17.4,2.48,0.159,1.182,0.551,0.021,0.146,0.2674004733562469,0.5028136968612671,0.5028136968612671,0.3999988436698913,1.023,9653875,20,ours,0.063,0.01,1.119,0.096
0496,19.2,2.896,1.549,1.593,0.218,0.144,0.14,0.3456049561500549,0.4713044762611389,0.5092188119888306,0.4000000059604645,0.044,9653875,20,ours,0.594,0.058,0.999,0.955
0455,19.8,0.307,0.768,0.658,0.043,0.039,0.037,0.1615078449249267,0.481876015663147,0.5100610256195068,0.4000016748905182,-0.1099999999999999,9653875,20,ours,0.666,0.104,-0.008000000000000007,0.10199999999999998
0015,20.6,1.788,1.861,1.648,0.112,0.133,0.114,0.6082901358604431,0.4694305062294006,0.6082901358604431,0.3999971449375152,-0.213,9653875,20,ours,2.638,0.427,-0.99,-0.7769999999999999
0327,21.0,1.132,0.152,0.15,0.085,0.019,0.019,0.239424243569374,0.4305944442749023,0.4975224733352661,0.399999052286148,-0.002,9653875,20,ours,0.241,0.092,-0.091,-0.089
0022,21.2,1.977,0.147,0.14,0.144,0.018,0.017,0.5810094475746155,0.4596225321292877,0.5810094475746155,0.4000059068202972,-0.0069999999999999,9653875,20,ours,0.121,0.018,0.019000000000000017,0.025999999999999995
0446,22.1,1.274,1.68,0.738,0.205,0.08,0.037,0.7117935419082642,0.4408553540706634,0.7117935419082642,0.4000022709369659,-0.942,9653875,20,ours,0.718,0.049,0.020000000000000018,0.962
0024,23.0,0.856,0.44,0.398,0.119,0.095,0.088,0.5178842544555664,0.4894821345806122,0.558774471282959,0.4000019431114197,-0.0419999999999999,9653875,20,ours,0.577,0.117,-0.17899999999999994,-0.13699999999999996
0048,24.2,3.682,0.731,1.021,0.194,0.046,0.044,0.2844114899635315,0.4427657127380371,0.5964290499687195,0.4000009894371032,0.2899999999999999,9653875,20,ours,1.148,0.072,-0.127,-0.4169999999999999
0148,24.6,3.694,6.491,7.087,0.22,0.684,0.693,0.7527784705162048,0.4171904027462005,0.7527784705162048,0.4000071883201599,0.5960000000000001,9653875,20,ours,7.181,0.798,-0.0940000000000003,-0.6900000000000004
0147,24.6,26.965,35.154,35.271,2.13,2.851,2.886,0.9519183039665222,0.4927284717559814,0.9519183039665222,0.4000057578086853,0.1169999999999973,9653875,20,ours,5.72,0.388,29.551000000000002,29.434000000000005
0102,25.8,5.173,0.108,0.103,2.135,0.02,0.018,0.9855348467826844,0.4617174863815307,0.9855348467826844,0.4000069200992584,-0.005,9653875,20,ours,0.439,0.082,-0.336,-0.331
0377,27.5,3.268,0.619,0.474,0.203,0.038,0.052,0.3569639325141907,0.4374774694442749,0.5254018306732178,0.3999962210655212,-0.145,9653875,20,ours,0.794,0.067,-0.32000000000000006,-0.17500000000000004
0411,29.9,6.834,0.128,0.127,0.911,0.019,0.019,0.1228415146470069,0.4306958317756653,0.4306958317756653,0.4000000059604645,-0.001,9653875,20,ours,0.131,0.02,-0.0040000000000000036,-0.0030000000000000027
0185,30.0,0.615,0.341,0.681,0.088,0.017,0.075,0.7742570042610168,0.4619981050491333,0.7742570042610168,0.4000056684017181,0.34,9653875,20,ours,0.058,0.01,0.623,0.28300000000000003
0076,30.5,7.747,0.065,0.079,1.078,0.013,0.01,0.5033547878265381,0.4542704820632934,0.5760166645050049,0.3999999761581421,0.0139999999999999,9653875,20,ours,0.077,0.011,0.0020000000000000018,-0.011999999999999997
0083,31.3,3.975,2.076,21.651,0.283,0.098,1.648,0.7971795201301575,0.4060947000980377,0.7971795201301575,0.4000007808208465,19.575,9653875,20,ours,0.479,0.031,21.172,1.597
0265,38.8,13.831,2.678,16.522,2.824,0.587,3.16,0.4753904342651367,0.4598296284675598,0.4753904342651367,0.4000000059604645,13.843999999999998,9653875,20,ours,0.451,0.101,16.070999999999998,2.227
0094,40.1,4.242,4.254,4.208,0.703,0.79,0.806,0.454275369644165,0.4265627861022949,0.454275369644165,0.4000012278556824,-0.0459999999999993,9653875,20,ours,3.38,0.618,0.8280000000000003,0.8739999999999997
0197,40.7,7.234,3.588,1.685,1.441,1.58,1.389,0.6568996906280518,0.4377727508544922,0.6568996906280518,0.4000000059604645,-1.903,9653875,20,ours,2.299,0.207,-0.6139999999999999,1.2890000000000001
0060,41.6,0.805,0.107,7.407,0.068,0.014,1.687,0.8753917813301086,0.4302538633346557,0.8753917813301086,0.4000013768672943,7.3,9653875,20,ours,0.474,0.036,6.933,-0.367
0231,42.2,5.331,1.03,0.687,0.6,0.08,0.06,0.4025499820709228,0.4644661247730255,0.4895422458648681,0.4000069200992584,-0.3429999999999999,9653875,20,ours,0.926,0.07,-0.239,0.10399999999999998
1001,43.9,4.222,1.258,1.106,3.883,0.518,0.492,0.5513041019439697,0.4705551862716675,0.5513041019439697,0.4000000059604645,-0.1519999999999999,9653875,20,ours,1.045,0.489,0.061000000000000165,0.21300000000000008
0238,44.6,4.648,2.719,2.57,0.604,0.252,0.257,0.674064576625824,0.487088531255722,0.674064576625824,0.4000029861927032,-0.149,9653875,20,ours,2.662,0.358,-0.09200000000000008,0.05699999999999994
0099,47.4,0.835,0.657,0.682,0.138,0.141,0.14,0.1594549119472503,0.4043534398078918,0.4043534398078918,0.4000055491924286,0.025,9653875,20,ours,3.386,0.585,-2.704,-2.729
