method,scene,seed,rot_err_deg,pos_err,reproj_err_px,reproj_med_px,n_cams,runtime_s,convergence_time_s,best_epoch
esfm,Alcatraz Courtyard,0,0.324288380204305,0.0854554642858637,3.379232694353053,1.9204072326560708,133,4821.4,4792.707528591156,99999.0
esfm,Alcatraz Courtyard,1,0.36138678157391557,0.09112912757839253,3.3691035794153503,1.8536696768772378,133,4825.72,4804.594581127167,99999.0
esfm,Alcatraz Courtyard,2,0.4015043649148433,0.10235190268069758,3.557242072642648,1.9198007399315369,133,4833.02,4812.242679834366,99999.0
uesfm,Alcatraz Courtyard,0,0.6370266175309793,0.1671943803031883,5.956592777085197,3.6638282340102246,133,6478.06,6448.735792636871,99999.0
uesfm,Alcatraz Courtyard,1,0.5812669610362707,0.15343994793419002,5.71686544495911,3.550076086474883,133,6483.48,6454.087207078934,99999.0
uesfm,Alcatraz Courtyard,2,0.6293740753551684,0.16343948136157807,5.713459273661585,3.459422664018691,133,6483.73,6451.153926610947,99999.0
esfm,Alcatraz Water Tower,0,0.6984432687370988,0.38694796813795407,4.741313233832226,2.1058898944784543,172,2461.59,2440.421297073364,99999.0
esfm,Alcatraz Water Tower,1,0.5944425806062753,0.3287537445614408,4.5656682619915765,1.9703698309044646,172,2467.28,2454.429310798645,99999.0
esfm,Alcatraz Water Tower,2,0.7051984712289041,0.39359395644708545,4.982802041506025,2.1318655747232063,172,2455.14,2441.783402681351,99999.0
uesfm,Alcatraz Water Tower,0,18.69941055700858,8.189402666249999,12.38813738647375,6.481578998967327,172,3857.94,3831.41609287262,99999.0
uesfm,Alcatraz Water Tower,1,1.3394060108035364,0.7384271683550214,6.577617375342355,3.200105455600137,172,3887.47,3865.343374729156,99999.0
uesfm,Alcatraz Water Tower,2,2.200189184784068,1.3839747978399466,6.854463337738994,3.1730434024886014,172,3819.31,3799.390902757645,99999.0
esfm,Buddah Tooth Relic Temple Singapore,0,1.3132762212436329,0.31652548993670354,9.903890396062208,4.634952217191846,162,2921.45,2903.059753894806,99999.0
esfm,Buddah Tooth Relic Temple Singapore,1,0.9908742070528852,0.2335767172234499,9.836436953133868,4.661767906617449,162,2915.39,2904.387546062469,99999.0
esfm,Buddah Tooth Relic Temple Singapore,2,1.089403690069201,0.2896515999941069,10.151103921611115,4.628183275251743,162,2913.67,2902.928613901138,99999.0
uesfm,Buddah Tooth Relic Temple Singapore,0,1.9767734026333772,0.5777116480820644,15.584999477939833,8.800407928031486,162,4315.97,4296.739196300507,99999.0
uesfm,Buddah Tooth Relic Temple Singapore,1,1.4532821126601407,0.345133635718661,16.753182673783428,9.555989756393366,162,4334.28,4311.474883317947,99999.0
uesfm,Buddah Tooth Relic Temple Singapore,2,32.81105779154638,6.0024233739495125,26.564606536203048,13.925597303414058,162,4312.37,4291.042752504349,99999.0
esfm,Doge Palace Venice,0,0.9741701978804636,0.2578214102266912,6.511459231891615,3.6947627756511525,241,28795.18,28746.22650837898,99999.0
esfm,Doge Palace Venice,1,0.627860879835449,0.1773446161890865,6.351890452986879,3.537139014829222,241,28742.27,28699.91308617592,99999.0
uesfm,Doge Palace Venice,0,0.9110673544913167,0.2904399918743801,10.966183720673449,6.771416746021886,241,21074.95,21017.30448675156,99999.0
esfm,Door Lund,0,0.01167051570787235,0.003654424593160691,1.8552512563951393,0.9492901559591532,12,4892.41,4878.351888656616,99999.0
esfm,Door Lund,1,0.009685491454411136,0.0030270923396151107,1.6462990657331118,0.9049495114630693,12,4884.51,4877.529450178146,99999.0
esfm,Door Lund,2,0.02068285629921104,0.005193423834514985,1.933833706356197,0.9506754982524039,12,4888.17,4880.201772212982,99999.0
uesfm,Door Lund,0,14.059454220682019,0.9733778175929079,11.85413335315025,6.517535151323047,12,9185.47,8715.343282699585,95000.0
uesfm,Door Lund,1,14.111993883089163,0.9618908892808385,11.853785941610944,6.504290333453439,12,9203.34,8729.614821910858,95000.0
uesfm,Door Lund,2,14.344083655704312,0.9193773651816372,12.058851721280973,6.643622749322514,12,9176.97,9162.127201795578,99999.0
esfm,Drinking Fountain Somewhere In Zurich,0,25.804179845300204,1.1242096722251314,8.219025541657992,3.3464550934365884,14,888.07,874.4874215126038,99999.0
esfm,Drinking Fountain Somewhere In Zurich,1,25.754577171528883,1.1271567319301725,8.245599860088616,3.352895635561939,14,882.33,873.2415659427643,99999.0
esfm,Drinking Fountain Somewhere In Zurich,2,0.019604308735801684,0.006780729271172703,1.7090486008047308,0.6375575382268279,14,881.11,873.6504108905792,99999.0
uesfm,Drinking Fountain Somewhere In Zurich,0,26.27952541668808,1.102546079947844,8.40971803772888,3.4593948661771203,14,2969.96,2950.480526924133,99999.0
uesfm,Drinking Fountain Somewhere In Zurich,1,26.264849988219943,1.1078406736783482,8.547474098662555,3.585334207185317,14,2960.9,2504.42572927475,85000.0
uesfm,Drinking Fountain Somewhere In Zurich,2,0.06235835436589852,0.011103715758719332,2.5743283079384534,1.5361135173722633,14,2960.08,2945.673992872238,99999.0
esfm,East Indiaman Goteborg,0,6.033696331509855,1.0773322362193534,7.427433157074123,2.292729458380311,179,3990.25,3970.732353687286,99999.0
esfm,East Indiaman Goteborg,1,5.313967690277326,0.9356515362150493,7.350753973659207,2.2747477951684703,179,3986.66,3970.914752960205,99999.0
esfm,East Indiaman Goteborg,2,5.357164002763642,0.9254557315236661,7.174538078735992,2.2493605774605823,179,3984.64,3967.810528755188,99999.0
uesfm,East Indiaman Goteborg,0,4.992588850190341,0.9093886386013725,9.930437318497303,4.011819888270754,179,5247.16,5221.816437721252,99999.0
uesfm,East Indiaman Goteborg,1,5.382092262718057,0.9927766021898647,10.035611563702533,3.912004668740913,179,5245.65,5210.653891563416,99999.0
uesfm,East Indiaman Goteborg,2,5.554715231405653,0.9752252406138763,9.5551521706325,3.7417116053580193,179,5231.48,5207.815300703049,99999.0
esfm,Ecole Superior De Guerre,0,0.4863901164687255,0.1239377922325492,3.750666445958877,2.0528113108131016,35,2385.33,2371.708672523499,99999.0
esfm,Ecole Superior De Guerre,1,0.3031794677170201,0.07921628898965839,3.2456935905644406,1.730123845260616,35,2379.34,2371.191816806793,99999.0
esfm,Ecole Superior De Guerre,2,0.2580439805296837,0.06772089648290676,3.257951412507941,1.687291979251782,35,2376.49,2368.935952663422,99999.0
uesfm,Ecole Superior De Guerre,0,0.28243957678843373,0.0778675008788964,5.291358032458062,3.601773151002547,35,4647.51,4622.850021600723,99999.0
uesfm,Ecole Superior De Guerre,1,0.25507313740145815,0.06695766472508183,5.170495431958795,3.5179325723573998,35,4636.07,4616.890106916428,99999.0
uesfm,Ecole Superior De Guerre,2,0.3137499276035537,0.08683967313665406,5.583934687507232,3.7813953498055604,35,4617.92,4602.193422079086,99999.0
esfm,Eglise du dome,0,0.3242410065346163,0.0824797769992069,3.906129661328729,1.3512292775673158,85,25054.74,25028.64922428131,99999.0
esfm,Eglise du dome,1,0.3771623368290559,0.09432763361451474,3.692490941110161,1.297032357665518,85,25144.16,25116.01952123642,99999.0
uesfm,Eglise du dome,0,45.800562123362404,6.451383786272971,7.963674120656965,3.986938865913781,85,23371.73,23333.49408817291,99999.0
esfm,Folke Filbyter,0,89.03873163576341,0.12895560134543632,17.986624161769267,7.423093846189277,40,1582.8,1573.360969305038,99999.0
esfm,Folke Filbyter,1,84.74740427947457,0.13132264058966686,17.98706393015447,7.385900243615879,40,1579.13,1572.079373121262,99999.0
esfm,Folke Filbyter,2,83.70817707245973,0.1261878953205589,21.85200129525089,6.324245998829542,40,1583.76,1576.207699537277,99999.0
uesfm,Folke Filbyter,0,80.34590333370599,0.13169898199385566,22.83327162619912,11.711593158296864,40,3701.49,3129.452286243439,85000.0
uesfm,Folke Filbyter,1,81.28676564061475,0.1282318052949447,24.480394314414323,9.74969805057316,40,3698.11,3681.891911745071,99999.0
uesfm,Folke Filbyter,2,82.23270227083374,0.1312531386108397,22.153947807931974,10.961536903594071,40,3709.96,3695.84988451004,99999.0
esfm,Fort Channing Gate Singapore,0,0.10143646071220622,0.04531774433800129,1.7158776598376824,0.8165178663538488,27,3438.39,3428.288990497589,99999.0
esfm,Fort Channing Gate Singapore,1,0.08873951454303304,0.039001318240256114,1.783712095722291,0.8156020254191567,27,3430.88,3424.490573883057,99999.0
esfm,Fort Channing Gate Singapore,2,0.09031224636384508,0.03957289173255022,1.850800887931411,0.820658413919779,27,3433.07,3426.547735452652,99999.0
uesfm,Fort Channing Gate Singapore,0,33.158343156383296,11.908537566474344,12.69248500308198,5.438758486477886,27,6209.29,6192.107179880142,99999.0
uesfm,Fort Channing Gate Singapore,1,0.07319798057764343,0.03541606344760984,3.4819579894798927,2.2085534812612853,27,6159.7,6144.797720909119,99999.0
uesfm,Fort Channing Gate Singapore,2,0.15394831153888047,0.0686769122909015,3.77993377770425,2.2995094868650368,27,6147.27,6132.745970487595,99999.0
esfm,Golden Statue Somewhere In Hong Kong,0,0.23894829924734365,0.053817571637812096,1.7239352536484445,0.744089758310296,18,4096.74,4087.775670289993,99999.0
esfm,Golden Statue Somewhere In Hong Kong,1,0.2233990458438394,0.053061028269618456,1.8936878914364637,0.7746436618607616,18,4096.28,4088.994391202927,99999.0
esfm,Golden Statue Somewhere In Hong Kong,2,0.23397914670516012,0.051137498616263405,1.87070255923672,0.7763877145267694,18,4094.54,4087.674698591232,99999.0
uesfm,Golden Statue Somewhere In Hong Kong,0,0.36074365888948035,0.06894135246785482,2.939092008443413,1.863811153764833,18,7761.69,7746.569520235062,99999.0
uesfm,Golden Statue Somewhere In Hong Kong,1,0.35638930493960375,0.06132592684828702,2.686157398440538,1.735571387461727,18,7759.16,7745.389947891235,99999.0
uesfm,Golden Statue Somewhere In Hong Kong,2,0.3955566726941678,0.09197790539367184,2.878341172309852,1.8164738202745854,18,7766.46,7751.458931922913,99999.0
esfm,Gustav Vasa,0,3.4881363194229826,0.2273181104934767,1.7369784534725496,0.9521606063342205,18,711.53,703.3091380596161,99999.0
esfm,Gustav Vasa,1,3.4307883498221035,0.21432466556133864,1.5556448596237022,0.9232184455756751,18,710.28,703.9906163215637,99999.0
esfm,Gustav Vasa,2,3.6089062562451386,0.2196578287395002,1.673803634770729,0.9429755567757121,18,707.79,701.5903799533844,99999.0
uesfm,Gustav Vasa,0,5.828154714648938,0.32510821331670736,3.0711042143581646,2.4170166616864357,18,2566.0,2547.931907176971,99999.0
uesfm,Gustav Vasa,1,6.515239842974278,0.35941242702736925,3.089677100739632,2.4476428398062584,18,2530.9,1385.089058637619,55000.0
uesfm,Gustav Vasa,2,5.954036423569478,0.34942942401850696,3.101296679577594,2.400483554095863,18,2533.76,2520.798699855804,99999.0
esfm,GustavIIAdolf,0,46.92758389264633,8.570499881283022,11.684017169857798,5.131125459552879,57,1047.82,1038.018162250519,99999.0
esfm,GustavIIAdolf,1,47.21999673071185,8.515052769156952,11.695065125063977,5.091617086264161,57,1041.41,1034.5799472332,99999.0
esfm,GustavIIAdolf,2,47.2312223396789,8.523261295519099,11.787583212607423,5.2715388868550574,57,1043.28,1036.478415489197,99999.0
uesfm,GustavIIAdolf,0,89.37607436538163,13.276440526172165,15.53883714368065,5.864332719302596,57,2904.42,2881.687849521637,99999.0
uesfm,GustavIIAdolf,1,70.16367503302509,11.555242253627961,15.162174576474532,6.9709512967490355,57,2884.62,2870.103493452072,99999.0
uesfm,GustavIIAdolf,2,72.72996778765942,11.054260851523775,16.85269001998736,9.009102977660282,57,2888.7,2874.096453428268,99999.0
esfm,Jonas Ahlstromer,0,64.46662959289324,11.985605264945464,12.602584968179986,2.9168445332917745,40,614.88,607.3498430252075,99999.0
esfm,Jonas Ahlstromer,1,38.42510202464649,8.741159740710629,10.25268858530355,3.7024742418884333,40,618.73,611.5567183494568,99999.0
esfm,Jonas Ahlstromer,2,43.32891670826628,8.741053567623224,10.553031866494822,3.031717304343782,40,612.74,606.6802380084991,99999.0
uesfm,Jonas Ahlstromer,0,42.30073879858729,10.272232427418913,9.098970988131883,3.992857074878733,40,2339.57,1280.604686737061,55000.0
uesfm,Jonas Ahlstromer,1,42.18412804385421,10.310808592826955,8.453808908218651,3.4329852879523464,40,2334.33,2320.362742424011,99999.0
uesfm,Jonas Ahlstromer,2,42.25301394187691,10.315519611163806,8.793789077520445,3.8046125347596442,40,2311.04,2297.139800786972,99999.0
esfm,Kings College University Of Toronto,0,14.400461796497643,3.2653370282498866,4.064353916685246,1.6753245173381437,77,1074.94,1066.306197404861,99999.0
esfm,Kings College University Of Toronto,1,11.956699445712928,2.705452710546247,3.9727144140636783,1.5797087908756111,77,1071.64,1064.129351377487,99999.0
esfm,Kings College University Of Toronto,2,0.7191591237413282,0.16178494376153177,2.656807607821862,1.1949677972638288,77,1090.36,1082.987608671188,99999.0
uesfm,Kings College University Of Toronto,0,31.932532001930838,2.9775501815475,6.099555590572752,3.8717713150174773,77,2884.23,2866.194714784622,99999.0
uesfm,Kings College University Of Toronto,1,2.4241467960672063,0.41577835428574456,4.631696476065898,3.148046400399828,77,2899.51,2884.114916801453,99999.0
uesfm,Kings College University Of Toronto,2,30.212552334890066,2.3209884971628156,5.844709739288878,3.754268841443037,77,2874.99,2860.901805400848,99999.0
esfm,Lund University Sphinx,0,13.661465370705821,3.5591094267381553,6.242667318159146,2.715620555070548,70,2718.96,2709.5872194767,99999.0
esfm,Lund University Sphinx,1,12.524302160109885,3.2130942199657664,6.1182420215295075,2.7468468987195953,70,2722.86,2715.36418390274,99999.0
esfm,Lund University Sphinx,2,7.98961938632192,2.1710959765491817,5.807289242508196,2.893370267054225,70,2713.88,2706.478076219559,99999.0
uesfm,Lund University Sphinx,0,15.165716414733652,3.5564827651349713,10.803408462752863,6.730422995453065,70,4644.92,4626.135177612305,99999.0
uesfm,Lund University Sphinx,1,68.88899086055604,13.548881652837478,14.336626262363456,7.626356837439143,70,4703.31,4687.50173997879,99999.0
uesfm,Lund University Sphinx,2,15.014326075576053,3.5607694164340526,11.039432108003597,6.81081192121135,70,4615.6,4600.294319868088,99999.0
esfm,Nijo Castle Gate,0,0.6521524412276166,0.13305866403975986,7.404953325705311,3.0629804954987674,19,1097.29,1084.301982402802,99999.0
esfm,Nijo Castle Gate,1,0.8564043952718835,0.16950374865879153,7.358076475544799,3.1235223975185864,19,1094.89,1084.640900611877,99999.0
esfm,Nijo Castle Gate,2,1.0089926380330574,0.19095470213426863,7.481049991287358,3.1671779658403687,19,1093.35,1083.446812152863,99999.0
uesfm,Nijo Castle Gate,0,1.6923297320319277,0.3246009364794658,11.792009654594867,6.945622003724464,19,3310.13,3288.75860619545,99999.0
uesfm,Nijo Castle Gate,1,1.6697791743236226,0.32440429939345133,12.704681259536075,7.466128811395402,19,3308.19,3290.209539175034,99999.0
uesfm,Nijo Castle Gate,2,1.682403384345942,0.32817821817561266,11.917977420973372,7.102279949089778,19,3301.77,3284.964460611343,99999.0
uesfm,Pantheon Paris,0,0.3823220210788846,0.05987691585642601,7.649321203280243,4.797127317249956,179,5506.88,5473.694003582001,99999.0
uesfm,Pantheon Paris,1,45.61471478909275,6.671068486991568,16.912359249810606,6.602415648206237,179,5491.31,5459.329566717148,99999.0
uesfm,Pantheon Paris,2,12.03796171625132,2.465102828965073,16.125095834055482,6.860965809143959,179,5493.94,5463.555550813675,99999.0
esfm,Park Gate Clermont Ferrand,0,19.399216821978534,9.438471236639753,7.521969683469249,3.892136696028138,34,1597.96,1588.07075381279,99999.0
esfm,Park Gate Clermont Ferrand,1,19.325402297843297,9.417998214523331,7.465007292717891,3.849088919564891,34,1596.87,1589.703137874603,99999.0
esfm,Park Gate Clermont Ferrand,2,25.440611579781365,11.720641869372841,8.15032188787613,4.0871739024940315,34,1595.99,1588.841923236847,99999.0
uesfm,Park Gate Clermont Ferrand,0,19.27114964212729,9.381930985797803,7.856513901068924,4.317004881495189,34,3598.69,3580.396904230118,99999.0
uesfm,Park Gate Clermont Ferrand,1,19.288145181777256,9.394362801959678,7.762082007624792,4.207851936960509,34,3592.66,3577.494926214218,99999.0
uesfm,Park Gate Clermont Ferrand,2,19.345727373971844,9.415066249707772,7.936652645099164,4.425507919979627,34,3600.86,3581.473034620285,99999.0
esfm,Plaza De Armas Santiago,0,0.7341628728579594,0.32156050159900956,6.000154308231358,2.679971945741675,240,6375.02,6333.455562829971,99999.0
esfm,Plaza De Armas Santiago,1,0.5176165701053533,0.22744923951256435,5.661576462867733,2.533952088248649,240,6373.68,6336.030319213867,99999.0
esfm,Plaza De Armas Santiago,2,1.0740077415291467,0.46304622323619105,6.365716833190761,2.733195456670397,240,6369.35,6331.436369419098,99999.0
uesfm,Plaza De Armas Santiago,0,6.6772176498607925,2.909933722327364,11.384209379387066,5.623987151554922,240,6540.76,6491.619550704956,99999.0
uesfm,Plaza De Armas Santiago,1,1.3364898126442175,0.5686650140764532,7.951759184923103,3.933795015892702,240,6536.61,6482.320575714111,99999.0
uesfm,Plaza De Armas Santiago,2,1.9671483940705004,0.8276654865349118,9.054185015150745,4.441179120460681,240,6529.24,6477.723381996155,99999.0
esfm,Porta San Donato Bologna,0,0.5746001989174886,0.10608894230214515,5.691906895070585,2.4183460353027986,141,3751.75,3734.281898736954,99999.0
esfm,Porta San Donato Bologna,1,0.8978003419853328,0.14474404936935045,5.682379581165418,2.563141107750346,141,3758.51,3742.688964605331,99999.0
esfm,Porta San Donato Bologna,2,0.30440272958620346,0.07026546193502164,5.435311727517131,2.1626312981864086,141,3752.23,3738.056202173233,99999.0
uesfm,Porta San Donato Bologna,0,1.1269164513732723,0.19275737956525044,10.071225650489282,5.557466375146339,141,5111.57,5083.21807050705,99999.0
uesfm,Porta San Donato Bologna,1,60.66366912240625,10.234123128225525,19.593360464637342,9.305574874002819,141,5125.57,5098.085618019104,99999.0
uesfm,Porta San Donato Bologna,2,1.2271289404198877,0.19605254084885107,10.066750816092268,5.595831381287904,141,5116.95,5093.473650932312,99999.0
esfm,Round Church Cambridge,0,2.1173198662081005,0.9129854085205968,5.854320175654564,1.9683268910531708,92,9788.65,9759.719386577606,99999.0
esfm,Round Church Cambridge,1,2.1415279636494953,0.9267927094737857,6.33905951937897,2.0439997148640834,92,9764.61,9741.356333732605,99999.0
uesfm,Round Church Cambridge,0,2.5434984075631974,1.0219048587087352,8.914080922081759,4.131734829440289,92,12088.06,12047.02147889137,99999.0
uesfm,Round Church Cambridge,1,2.435781054756339,0.9827352719070902,8.178482224933683,3.8400051230290893,92,12034.64,11993.72608184814,99999.0
esfm,Skansen Kronan Gothenburg,0,0.3380139741078169,0.1158931606908392,3.0478862369293624,1.5340801117570733,131,17163.94,17140.15425729752,99999.0
uesfm,Skansen Kronan Gothenburg,0,0.37472494768162085,0.1243676312212316,4.798736338080396,3.348916057055834,131,16235.09,16202.21351981163,99999.0
esfm,Smolny Cathedral St Petersburg,0,21.81278753416543,2.110667559831311,11.2315357584775,6.379259553776089,131,10364.67,10320.51852750778,99999.0
esfm,Smolny Cathedral St Petersburg,1,21.799828748358873,2.111313741354268,11.225141339870355,6.36605939788532,131,10360.52,10319.01374697685,99999.0
uesfm,Smolny Cathedral St Petersburg,0,22.143392894578028,2.0985584569799265,12.52645725687386,7.895265841408903,131,10475.74,10416.62969732285,99999.0
esfm,Sri Mariamman Singapore,0,1.4920493985513708,0.4412389781578158,10.406406306167431,6.369585247957454,222,5987.98,5970.066485881805,99999.0
esfm,Sri Mariamman Singapore,1,1.1345564396944785,0.3608906720626337,9.703927906328842,5.885963785879842,222,5993.62,5975.365797519684,99999.0
esfm,Sri Mariamman Singapore,2,1.0293707921546553,0.3426709250774071,10.15220066698994,6.067537729054635,222,5975.02,5958.786058187485,99999.0
uesfm,Sri Mariamman Singapore,0,16.417883129790784,5.526406595652791,19.962711816743173,12.18830031311293,222,6531.45,6494.750840425491,99999.0
uesfm,Sri Mariamman Singapore,1,1.3793173305528281,0.5014534676018023,16.10857603648069,10.651562750176396,222,6467.65,6426.201541185379,99999.0
uesfm,Sri Mariamman Singapore,2,1.639001766282598,0.536397596737868,17.490398022274007,11.439337896248928,222,6457.9,6427.717175960541,99999.0
esfm,Sri Thendayuthapani Singapore,0,0.7190396606626565,0.17922550285921848,7.12365374281766,2.231392236341273,98,13362.09,13320.09781932831,99999.0
uesfm,Sri Thendayuthapani Singapore,0,47.0750455982536,3.8553135654690074,14.133068630999212,7.117179633590087,98,13808.44,13754.94554877281,99999.0
esfm,Sri Veeramakaliamman Singapore,0,2.333869921178247,0.542847254574005,11.965270419451508,5.472877662905037,157,12392.18,12365.15180635452,99999.0
uesfm,Sri Veeramakaliamman Singapore,0,29.40487246624615,3.8676026992817505,28.950500021302087,14.32295224594287,157,12544.69,12504.26410722733,99999.0
esfm,Statue Of Liberty,0,52.35559762033152,28.241594953600423,688383.1603142131,683624.423417858,134,102.64,43.32754778862,45000.0
esfm,Statue Of Liberty,1,52.36920727661949,28.627801879821945,9277.715116667516,9303.546387753544,134,99.78,59.98358988761902,65000.0
esfm,Statue Of Liberty,2,52.3478568435799,28.64052858422677,7449.598084265948,7416.803834848509,134,97.28,3.520912647247314,0.0
uesfm,Statue Of Liberty,0,40.92379801166407,19.915794833689585,48.781849500680366,25.904882064330994,134,12927.11,12902.23110127449,99999.0
uesfm,Statue Of Liberty,1,38.79484508812604,17.090491683338875,33.27459817133403,17.608726936833005,134,12920.89,12896.32496738434,99999.0
esfm,The Pumpkin,0,27.59459354015253,5.94835892276036,27.52772578222832,9.11126349703041,196,4330.9,4316.109169960022,99999.0
esfm,The Pumpkin,1,26.54397520858153,5.701234509093555,27.342758332715125,8.907676505669826,196,4327.98,4314.043692827225,99999.0
esfm,The Pumpkin,2,23.05395646123413,5.007378502393024,25.75879879971585,7.898438464943201,196,4322.94,4310.356798410416,99999.0
uesfm,The Pumpkin,0,25.490608822831348,5.440568114393512,34.198429037653845,15.6024365790899,196,5793.03,5767.982522964478,99999.0
uesfm,The Pumpkin,1,27.26556900533122,5.820572144056583,35.6951097814524,16.572200360468877,196,5785.61,5760.521738529205,99999.0
uesfm,The Pumpkin,2,26.95722616022698,5.73349875876088,36.207441893083136,17.07678356860021,196,5793.15,5768.243654251099,99999.0
esfm,Thian Hook Keng Temple Singapore,0,1.0653505173922067,0.1079565219850111,15.054152885837562,5.81055046268767,138,3299.26,3281.187238931656,99999.0
esfm,Thian Hook Keng Temple Singapore,1,0.8390930608109779,0.08272919436528102,14.587041005106803,5.705702663819475,138,3306.93,3283.257929086685,99999.0
esfm,Thian Hook Keng Temple Singapore,2,0.8760513596629002,0.08764395630143504,15.102705362055175,5.7567965038255124,138,3289.42,3278.173619031906,99999.0
uesfm,Thian Hook Keng Temple Singapore,0,1.146131162829257,0.10799243740327723,20.24888615229727,10.297158058757331,138,4626.48,4595.79723072052,99999.0
uesfm,Thian Hook Keng Temple Singapore,1,1.2072956626750737,0.12821580405567637,21.242388560332195,10.655698470690366,138,4600.34,4578.699931621552,99999.0
uesfm,Thian Hook Keng Temple Singapore,2,1.251054659622132,0.12561972972485672,20.875018460120653,10.416875106878496,138,4610.3,4581.792747020721,99999.0
esfm,Tsar Nikolai I,0,42.507553768489565,8.869914103947062,10.846690028504929,4.007961025902478,98,4932.15,4920.938139438629,99999.0
esfm,Tsar Nikolai I,1,43.09835370739786,8.983133733509343,11.402130572143294,4.032588092580996,98,4924.71,4914.929541349411,99999.0
uesfm,Tsar Nikolai I,0,75.94880014543322,15.146573953653359,15.307363921859029,6.734065570805788,98,6652.35,6629.384099006653,99999.0
uesfm,Tsar Nikolai I,1,80.87807139992418,15.64102228288136,21.553650044939403,9.179513384124702,98,6641.34,6623.797205209732,99999.0
esfm,Urban II,0,59.0297968076411,11.008489348760156,17.600594623525765,5.400933781867582,96,8889.69,8878.01452589035,99999.0
esfm,Vercingetorix,0,79.07478057258302,9.776081681696928,6.649989325889541,1.7432748253588333,69,1223.75,1212.340968608856,99999.0
esfm,Vercingetorix,1,80.09313371434186,9.858626097407651,6.426263444651325,1.6979463697629655,69,1222.8,1213.763489961624,99999.0
esfm,Vercingetorix,2,89.68787080902364,10.950615257181747,8.695412468830675,3.360645595149667,69,1225.36,1215.808262825012,99999.0
uesfm,Vercingetorix,0,78.95942988866727,10.356244187384963,8.07065603849916,3.372297052368834,69,3105.42,3085.208213567734,99999.0
uesfm,Vercingetorix,1,89.99175121301754,11.178484677344343,8.929255781006072,4.302365177465691,69,3105.88,3091.564247369766,99999.0
uesfm,Vercingetorix,2,89.31151857112468,11.134780185118505,9.044030033429575,4.351952473195928,69,3105.52,3089.0203332901,99999.0
esfm,Yueh Hai Ching Temple Singapore,0,0.6268598783684821,0.08360284283022794,5.56223941139456,2.132543748253723,43,1749.28,1738.747783660889,99999.0
