scene,n_images,n_points,pos_err_paper,rot_err_deg_paper,reproj_err_px_paper,pos_err_ba_paper,rot_err_deg_ba_paper,reproj_err_px_ba_paper,cams_removed_flag
Alcatraz Courtyard,133,23674,0.16,0.619,1.64,0.015,0.049,0.81,0
Alcatraz Water Tower,172,14828,0.518,0.933,2.13,0.116,0.23,0.55,0
Buddah Tooth Relic Temple Singapore,162,27920,0.233,1.03,2.06,0.014,0.081,0.85,0
Doge Palace Venice,241,67107,0.342,1.163,3.62,0.029,0.211,1.0,0
Door Lund,12,17650,0.006,0.024,0.32,0.001,0.006,0.3,0
Drinking Fountain Somewhere In Zurich,14,5302,0.004,0.031,0.33,0.002,0.007,0.31,0
East Indiaman Goteborg,179,25655,0.621,3.814,4.13,0.509,3.117,1.85,0
Ecole Superior De Guerre,35,13477,0.081,0.318,0.72,0.005,0.024,0.34,0
Eglise du dome,85,84792,0.205,0.808,0.91,0.01,0.037,0.27,0
Folke Filbyter,40,21150,0.125,74.596,10.37,0.118,70.157,4.29,0
Fort Channing Gate Singapore,27,23627,0.093,0.207,0.52,0.008,0.02,0.25,0
Golden Statue Somewhere In Hong Kong,18,39989,0.073,0.292,0.4,0.004,0.031,0.27,0
Gustav Vasa,18,4249,1.085,34.181,3.52,1.145,32.266,3.15,0
GustavIIAdolf,57,5813,9.714,67.784,13.91,8.524,58.458,11.49,0
Jonas Ahlstromer,40,2021,10.888,50.19,10.82,10.451,47.117,8.41,0
Kings College University Of Toronto,77,7087,0.235,0.989,0.9,0.017,0.085,0.34,0
Lund University Sphinx,70,32668,4.585,19.522,4.78,2.191,8.752,1.36,0
Nijo Castle Gate,19,7348,0.286,1.495,1.7,0.012,0.069,0.73,0
Pantheon Paris,179,29383,0.05,0.192,1.47,0.005,0.04,0.49,0
Park Gate Clermont Ferrand,34,9099,0.125,0.391,0.57,0.022,0.049,0.35,0
Plaza De Armas Santiago,240,26969,2.944,6.782,7.4,1.383,2.556,4.9,0
Porta San Donato Bologna,141,25490,0.388,2.153,2.28,0.046,0.095,0.75,0
Round Church Cambridge,92,84643,1.003,2.451,2.66,0.582,1.107,1.54,0
Skansen Kronan Gothenburg,131,28371,0.226,0.736,1.24,0.008,0.026,0.67,0
Smolny Cathedral St Petersburg,131,51115,0.051,0.554,1.66,0.006,0.033,0.81,0
Some Cathedral In Barcelona,177,30367,0.315,0.88,2.87,0.011,0.026,0.89,0
Sri Mariamman Singapore,222,56220,0.683,2.302,4.13,0.023,0.077,0.91,0
Sri Thendayuthapani Singapore,98,88849,3.812,46.269,23.37,2.87,44.17,8.44,0
Sri Veeramakaliamman Singapore,157,130013,0.597,2.559,3.47,0.04,0.175,0.73,0
Statue Of Liberty,134,49250,20.012,46.887,26.16,4.122,9.091,6.97,0
The Pumpkin,196,69341,14.89,94.672,33.41,14.952,98.862,24.85,0
Thian Hook Keng Temple Singapore,138,34288,0.082,0.832,2.75,0.008,0.081,1.13,0
Tsar Nikolai I,98,37857,9.467,48.499,9.79,7.836,36.28,6.53,0
Urban II,96,22284,9.467,47.49,9.38,9.586,48.214,6.92,0
Vercingetorix,69,10754,8.788,69.328,5.08,3.104,17.706,1.5,0
Yueh Hai Ching Temple Singapore,43,13774,0.098,0.72,0.94,0.014,0.043,0.65,0
