# RESfM (Khatib et al., ICLR 2025) Table 1, resfm.pdf p.8 — transcribed
# programmatically via pypdf (R14). "RESfM" = the paper's "Ours" column.
# Reference rows only (source=published): calibration of our pipeline,
# never the bolding target (SPEC_uesfm_combined R13/R14).
scene,dataset,Nc,outlier_pct,method,Nr,Rot,Trans,source
0238,megadepth,522,44.6,RESfM,283,2.61,0.325,published
0238,megadepth,522,44.6,ESFM,76,11.49,1.088,published
0238,megadepth,522,44.6,GASFM,76,9.89,0.969,published
0238,megadepth,522,44.6,Theia,506,1.21,0.334,published
0238,megadepth,522,44.6,GLOMAP,499,0.74,0.349,published
0238,megadepth,522,44.6,ESFM*,512,3.06,0.142,published
0060,megadepth,528,41.6,RESfM,503,0.29,0.029,published
0060,megadepth,528,41.6,ESFM,303,14.92,2.167,published
0060,megadepth,528,41.6,GASFM,258,18.48,2.736,published
0060,megadepth,528,41.6,Theia,525,0.85,0.124,published
0060,megadepth,528,41.6,GLOMAP,522,0.11,0.048,published
0060,megadepth,528,41.6,ESFM*,524,0.02,0.005,published
0197,megadepth,870,40.7,RESfM,667,4.22,0.333,published
0197,megadepth,870,40.7,ESFM,281,9.62,0.98,published
0197,megadepth,870,40.7,GASFM,454,12.23,1.678,published
0197,megadepth,870,40.7,Theia,855,1.16,0.227,published
0197,megadepth,870,40.7,GLOMAP,814,0.43,0.129,published
0197,megadepth,870,40.7,ESFM*,825,0.41,0.05,published
0094,megadepth,763,40.1,RESfM,537,3.77,0.75,published
0094,megadepth,763,40.1,ESFM,93,14.91,1.772,published
0094,megadepth,763,40.1,GASFM,359,2.27,0.322,published
0094,megadepth,763,40.1,Theia,742,0.75,0.16,published
0094,megadepth,763,40.1,GLOMAP,717,0.88,3.907,published
0094,megadepth,763,40.1,ESFM*,643,4.55,1.018,published
0265,megadepth,571,38.8,RESfM,346,1.25,0.389,published
0265,megadepth,571,38.8,ESFM,270,22.14,2.712,published
0265,megadepth,571,38.8,GASFM,274,22.29,2.756,published
0265,megadepth,571,38.8,Theia,554,5.83,2.216,published
0265,megadepth,571,38.8,GLOMAP,558,7.46,2.839,published
0265,megadepth,571,38.8,ESFM*,559,0.12,0.039,published
0083,megadepth,635,31.3,RESfM,596,0.64,0.058,published
0083,megadepth,635,31.3,ESFM,568,4.4,0.558,published
0083,megadepth,635,31.3,GASFM,574,3.95,0.245,published
0083,megadepth,635,31.3,Theia,632,0.37,0.372,published
0083,megadepth,635,31.3,GLOMAP,614,0.08,0.016,published
0083,megadepth,635,31.3,ESFM*,556,21.02,1.904,published
0076,megadepth,558,30.5,RESfM,524,0.37,0.094,published
0076,megadepth,558,30.5,ESFM,454,3.86,0.655,published
0076,megadepth,558,30.5,GASFM,431,0.11,0.015,published
0076,megadepth,558,30.5,Theia,549,0.78,0.12,published
0076,megadepth,558,30.5,GLOMAP,541,0.17,0.042,published
0076,megadepth,558,30.5,ESFM*,547,0.04,0.006,published
0185,megadepth,368,30.0,RESfM,350,0.06,0.01,published
0185,megadepth,368,30.0,ESFM,261,1.76,0.271,published
0185,megadepth,368,30.0,GASFM,254,1.36,0.184,published
0185,megadepth,368,30.0,Theia,365,0.41,0.094,published
0185,megadepth,368,30.0,GLOMAP,365,0.16,0.051,published
0185,megadepth,368,30.0,ESFM*,130,38.49,2.478,published
0048,megadepth,512,24.2,RESfM,474,4.69,0.178,published
0048,megadepth,512,24.2,ESFM,469,4.03,0.235,published
0048,megadepth,512,24.2,GASFM,481,1.44,0.073,published
0048,megadepth,512,24.2,Theia,507,0.41,0.105,published
0048,megadepth,512,24.2,GLOMAP,506,0.15,0.224,published
0048,megadepth,512,24.2,ESFM*,508,0.09,0.006,published
0024,megadepth,356,23.0,RESfM,309,2.03,0.398,published
0024,megadepth,356,23.0,ESFM,271,9.08,1.32,published
0024,megadepth,356,23.0,GASFM,300,9.8,2.546,published
0024,megadepth,356,23.0,Theia,355,0.56,0.219,published
0024,megadepth,356,23.0,GLOMAP,339,0.15,0.104,published
0024,megadepth,356,23.0,ESFM*,343,2.78,0.568,published
0223,megadepth,214,17.0,RESfM,204,3.76,0.51,published
0223,megadepth,214,17.0,ESFM,191,11.97,2.272,published
0223,megadepth,214,17.0,GASFM,194,13.69,2.649,published
0223,megadepth,214,17.0,Theia,212,3.34,0.519,published
0223,megadepth,214,17.0,GLOMAP,214,1.75,0.275,published
0223,megadepth,214,17.0,ESFM*,211,0.09,0.017,published
5016,megadepth,28,0.2,RESfM,28,0.12,0.016,published
5016,megadepth,28,0.2,ESFM,28,0.09,0.015,published
5016,megadepth,28,0.2,GASFM,28,0.09,0.015,published
5016,megadepth,28,0.2,Theia,28,0.1,0.061,published
5016,megadepth,28,0.2,GLOMAP,28,0.08,0.046,published
5016,megadepth,28,0.2,ESFM*,28,0.04,0.009,published
0046,megadepth,440,14.6,RESfM,399,0.95,0.043,published
0046,megadepth,440,14.6,ESFM,97,1.68,0.082,published
0046,megadepth,440,14.6,GASFM,426,0.45,0.019,published
0046,megadepth,440,14.6,Theia,434,0.25,0.112,published
0046,megadepth,440,14.6,GLOMAP,440,0.03,0.007,published
0046,megadepth,440,14.6,ESFM*,33,37.09,1.387,published
0099,megadepth,299,47.4,RESfM,190,3.53,0.709,published
0099,megadepth,299,47.4,ESFM,104,4.17,0.862,published
0099,megadepth,299,47.4,GASFM,128,8.13,1.116,published
0099,megadepth,299,47.4,Theia,297,3.28,0.664,published
0099,megadepth,299,47.4,GLOMAP,255,0.15,0.085,published
0099,megadepth,299,47.4,ESFM*,243,6.22,1.075,published
1001,megadepth,285,43.9,RESfM,251,1.7,0.661,published
1001,megadepth,285,43.9,ESFM,241,4.4,1.846,published
1001,megadepth,285,43.9,GASFM,261,3.26,1.143,published
1001,megadepth,285,43.9,Theia,276,7.97,4.014,published
1001,megadepth,285,43.9,GLOMAP,281,4.56,3.817,published
1001,megadepth,285,43.9,ESFM*,280,0.12,0.085,published
0231,megadepth,296,42.2,RESfM,246,0.84,0.065,published
0231,megadepth,296,42.2,ESFM,214,0.85,0.08,published
0231,megadepth,296,42.2,GASFM,209,0.91,0.088,published
0231,megadepth,296,42.2,Theia,286,1.37,0.322,published
0231,megadepth,296,42.2,GLOMAP,279,0.73,0.134,published
0231,megadepth,296,42.2,ESFM*,284,0.56,0.022,published
0411,megadepth,299,29.9,RESfM,273,0.13,0.02,published
0411,megadepth,299,29.9,ESFM,188,15.89,1.65,published
0411,megadepth,299,29.9,GASFM,232,2.95,0.304,published
0411,megadepth,299,29.9,Theia,293,0.39,0.196,published
0411,megadepth,299,29.9,GLOMAP,269,0.19,0.148,published
0411,megadepth,299,29.9,ESFM*,288,0.08,0.013,published
0377,megadepth,295,27.5,RESfM,210,0.29,0.018,published
0377,megadepth,295,27.5,ESFM,162,0.54,0.044,published
0377,megadepth,295,27.5,GASFM,167,0.13,0.013,published
0377,megadepth,295,27.5,Theia,269,1.13,0.205,published
0377,megadepth,295,27.5,GLOMAP,268,0.65,0.237,published
0377,megadepth,295,27.5,ESFM*,279,1.19,0.147,published
0102,megadepth,299,25.8,RESfM,284,0.28,0.059,published
0102,megadepth,299,25.8,ESFM,255,1.55,0.403,published
0102,megadepth,299,25.8,GASFM,278,1.79,0.478,published
0102,megadepth,299,25.8,Theia,294,2.31,0.698,published
0102,megadepth,299,25.8,GLOMAP,293,0.15,0.101,published
0102,megadepth,299,25.8,ESFM*,155,21.0,3.47,published
0147,megadepth,298,24.6,RESfM,207,4.62,0.325,published
0147,megadepth,298,24.6,ESFM,197,4.9,0.522,published
0147,megadepth,298,24.6,GASFM,225,10.89,0.961,published
0147,megadepth,298,24.6,Theia,284,6.36,0.934,published
0147,megadepth,298,24.6,GLOMAP,290,6.75,3.542,published
0147,megadepth,298,24.6,ESFM*,251,3.22,0.215,published
0148,megadepth,287,24.6,RESfM,197,0.6,0.035,published
0148,megadepth,287,24.6,ESFM,206,1.64,0.133,published
0148,megadepth,287,24.6,GASFM,209,1.73,0.135,published
0148,megadepth,287,24.6,Theia,275,13.98,1.558,published
0148,megadepth,287,24.6,GLOMAP,283,22.73,2.646,published
0148,megadepth,287,24.6,ESFM*,249,0.94,0.083,published
0446,megadepth,298,22.1,RESfM,288,0.72,0.046,published
0446,megadepth,298,22.1,ESFM,283,2.02,0.193,published
0446,megadepth,298,22.1,GASFM,291,1.71,0.237,published
0446,megadepth,298,22.1,Theia,289,1.23,0.391,published
0446,megadepth,298,22.1,GLOMAP,296,0.2,0.071,published
0446,megadepth,298,22.1,ESFM*,294,0.92,0.115,published
0022,megadepth,297,21.2,RESfM,274,0.29,0.039,published
0022,megadepth,297,21.2,ESFM,241,1.38,0.184,published
0022,megadepth,297,21.2,GASFM,263,0.54,0.082,published
0022,megadepth,297,21.2,Theia,296,0.58,0.16,published
0022,megadepth,297,21.2,GLOMAP,281,0.22,0.087,published
0022,megadepth,297,21.2,ESFM*,289,0.3,0.646,published
0327,megadepth,298,21.0,RESfM,271,0.26,0.09,published
0327,megadepth,298,21.0,ESFM,281,1.83,0.398,published
0327,megadepth,298,21.0,GASFM,284,0.25,0.029,published
0327,megadepth,298,21.0,Theia,288,1.27,0.36,published
0327,megadepth,298,21.0,GLOMAP,290,15.54,2.035,published
0327,megadepth,298,21.0,ESFM*,294,0.06,0.008,published
0015,megadepth,284,20.6,RESfM,215,1.04,0.167,published
0015,megadepth,284,20.6,ESFM,142,5.0,0.92,published
0015,megadepth,284,20.6,GASFM,149,14.02,2.105,published
0015,megadepth,284,20.6,Theia,244,2.21,0.389,published
0015,megadepth,284,20.6,GLOMAP,274,0.28,0.095,published
0015,megadepth,284,20.6,ESFM*,185,4.51,0.941,published
0455,megadepth,298,19.8,RESfM,293,0.68,0.105,published
0455,megadepth,298,19.8,ESFM,293,0.68,0.138,published
0455,megadepth,298,19.8,GASFM,294,0.74,0.144,published
0455,megadepth,298,19.8,Theia,294,0.77,0.159,published
0455,megadepth,298,19.8,GLOMAP,298,0.35,0.064,published
0455,megadepth,298,19.8,ESFM*,298,0.89,0.109,published
0496,megadepth,297,19.2,RESfM,281,0.35,0.055,published
0496,megadepth,297,19.2,ESFM,281,3.59,0.311,published
0496,megadepth,297,19.2,GASFM,277,0.68,0.061,published
0496,megadepth,297,19.2,Theia,285,1.4,0.55,published
0496,megadepth,297,19.2,GLOMAP,291,0.44,0.303,published
0496,megadepth,297,19.2,ESFM*,293,0.29,0.028,published
1589,megadepth,299,17.4,RESfM,290,0.14,0.019,published
1589,megadepth,299,17.4,ESFM,284,0.92,0.131,published
1589,megadepth,299,17.4,GASFM,283,2.71,0.505,published
1589,megadepth,299,17.4,Theia,288,0.82,0.193,published
1589,megadepth,299,17.4,GLOMAP,299,0.07,0.041,published
1589,megadepth,299,17.4,ESFM*,296,0.4,0.053,published
0012,megadepth,299,16.3,RESfM,287,0.4,0.027,published
0012,megadepth,299,16.3,ESFM,291,5.2,0.327,published
0012,megadepth,299,16.3,GASFM,294,0.88,0.114,published
0012,megadepth,299,16.3,Theia,129,1.04,0.318,published
0012,megadepth,299,16.3,GLOMAP,295,0.51,0.121,published
0012,megadepth,299,16.3,ESFM*,294,0.47,0.044,published
0104,megadepth,284,16.2,RESfM,193,0.29,0.029,published
0104,megadepth,284,16.2,ESFM,220,24.4,2.174,published
0104,megadepth,284,16.2,GASFM,228,4.1,0.306,published
0104,megadepth,284,16.2,Theia,265,17.05,1.53,published
0104,megadepth,284,16.2,GLOMAP,280,19.69,0.834,published
0104,megadepth,284,16.2,ESFM*,200,0.78,0.044,published
0019,megadepth,299,15.4,RESfM,250,0.06,0.008,published
0019,megadepth,299,15.4,ESFM,267,9.34,0.329,published
0019,megadepth,299,15.4,GASFM,293,2.34,0.113,published
0019,megadepth,299,15.4,Theia,271,0.81,0.25,published
0019,megadepth,299,15.4,GLOMAP,296,0.09,0.025,published
0019,megadepth,299,15.4,ESFM*,296,4.9,0.18,published
0063,megadepth,293,14.5,RESfM,262,0.46,0.048,published
0063,megadepth,293,14.5,ESFM,262,2.15,0.456,published
0063,megadepth,293,14.5,GASFM,257,0.44,0.04,published
0063,megadepth,293,14.5,Theia,268,0.92,0.605,published
0063,megadepth,293,14.5,GLOMAP,288,0.32,0.1,published
0063,megadepth,293,14.5,ESFM*,275,0.32,0.301,published
0130,megadepth,285,14.4,RESfM,192,0.2,0.023,published
0130,megadepth,285,14.4,ESFM,192,1.46,0.058,published
0130,megadepth,285,14.4,GASFM,194,2.27,0.07,published
0130,megadepth,285,14.4,Theia,187,1.2,0.349,published
0130,megadepth,285,14.4,GLOMAP,281,2.0,0.909,published
0130,megadepth,285,14.4,ESFM*,282,1.59,0.179,published
0080,megadepth,284,12.9,RESfM,139,0.59,0.096,published
0080,megadepth,284,12.9,ESFM,137,1.34,0.325,published
0080,megadepth,284,12.9,GASFM,139,2.18,0.104,published
0080,megadepth,284,12.9,Theia,278,2.62,0.868,published
0080,megadepth,284,12.9,GLOMAP,283,1.92,0.237,published
0080,megadepth,284,12.9,ESFM*,163,1.92,0.173,published
0240,megadepth,298,11.9,RESfM,275,3.13,0.265,published
0240,megadepth,298,11.9,ESFM,274,1.69,0.17,published
0240,megadepth,298,11.9,GASFM,272,2.54,0.227,published
0240,megadepth,298,11.9,Theia,278,1.31,0.47,published
0240,megadepth,298,11.9,GLOMAP,294,0.39,0.135,published
0240,megadepth,298,11.9,ESFM*,296,0.27,0.111,published
0007,megadepth,290,11.7,RESfM,172,0.91,0.041,published
0007,megadepth,290,11.7,ESFM,260,38.74,2.284,published
0007,megadepth,290,11.7,GASFM,280,1.87,0.101,published
0007,megadepth,290,11.7,Theia,277,1.24,0.174,published
0007,megadepth,290,11.7,GLOMAP,290,0.19,0.035,published
0007,megadepth,290,11.7,ESFM*,286,1.59,0.264,published
